Organization,Followed On
The Lubrizol Corporation,Sun Oct 06 08:59:25 UTC 2024
HCLTech,Sun Oct 06 08:59:05 UTC 2024
Atyeti Inc,Sun Oct 06 08:58:51 UTC 2024
Artefact,Sun Oct 06 08:58:44 UTC 2024
EY,Sun Oct 06 08:58:16 UTC 2024
eJAmerica,Sun Oct 06 08:58:08 UTC 2024
MTC Group,Sun Oct 06 08:58:00 UTC 2024
AcquireX,Sun Oct 06 08:57:51 UTC 2024
Kohler Co.,Sun Oct 06 08:57:35 UTC 2024
Alembic Pharmaceuticals Limited,Sun Oct 06 08:57:10 UTC 2024
Genpact,Sun Oct 06 08:57:04 UTC 2024
Luxoft,Sun Oct 06 08:56:53 UTC 2024
Allica Bank,Sun Oct 06 08:56:44 UTC 2024
Deloitte,Sun Oct 06 08:56:30 UTC 2024
Rrootshell Technologiiss Pvt Ltd,Sun Oct 06 08:56:15 UTC 2024
EduonTech,Wed Sep 25 14:30:04 UTC 2024
DAAS Labs : Data And Analytics services,Sat Sep 21 14:23:45 UTC 2024
Analytics8 | Data & Analytics Consultancy,Sat Sep 21 14:23:45 UTC 2024
EOS DATA ANALYTICS,Sat Sep 21 14:23:43 UTC 2024
First American Data & Analytics,Sat Sep 21 14:23:42 UTC 2024
Raffles Data & Analytics,Sat Sep 21 14:23:41 UTC 2024
Big Data Analytics,Sat Sep 21 14:23:40 UTC 2024
REIDIN - Data Analytics,Sat Sep 21 14:23:39 UTC 2024
Healthcare Data and Analytics Association,Sat Sep 21 14:23:36 UTC 2024
Big Data Analytics World Championships (TEXATA),Sat Sep 21 14:23:33 UTC 2024
Big Data Analytics Hires,Sat Sep 21 14:23:28 UTC 2024
Dodge Data & Analytics,Sat Sep 21 14:23:26 UTC 2024
Data Analytics and Business Intelligence Solutions Review,Sat Sep 21 14:23:24 UTC 2024
Data & Analytics,Sat Sep 21 14:23:22 UTC 2024
Data Analytics,Sat Sep 21 14:23:21 UTC 2024
Data Analytics,Sat Sep 21 14:23:20 UTC 2024
Data Analytics,Sat Sep 21 14:23:17 UTC 2024
Data-analytics,Sat Sep 21 14:23:16 UTC 2024
Data & Analytics,Sat Sep 21 14:23:15 UTC 2024
Itvedant Education Pvt. Ltd.,Sun Sep 01 12:02:41 UTC 2024
PubMatic,Sun Aug 18 07:26:10 UTC 2024
Blujay Robotics Private Limited,Sun Jun 09 09:29:39 UTC 2024
Equity Data Science (EDS),Sun Jun 09 09:26:21 UTC 2024
ConsultBae,Sun Jun 09 02:51:58 UTC 2024
Project Management,Sat Jun 08 14:49:42 UTC 2024
CallTek,Tue Jun 04 07:51:10 UTC 2024
Selections HR Services Private Limited,Sun Jun 02 10:31:07 UTC 2024
TESTQ Technologies Limited,Mon May 27 19:49:27 UTC 2024
CACI Ltd,Mon May 27 19:48:41 UTC 2024
Ascendion,Mon May 27 19:47:54 UTC 2024
PearlThoughts,Thu May 23 06:02:26 UTC 2024
Techyon,Wed May 22 06:42:19 UTC 2024
LTIMindtree,Wed May 22 06:41:13 UTC 2024
SMEST Capital Private Limited,Wed May 22 06:39:29 UTC 2024
TheNextGem.ai,Wed May 22 06:33:00 UTC 2024
Arista Networks,Tue May 21 19:05:15 UTC 2024
Callaway Digital Technologies,Tue May 21 19:01:51 UTC 2024
Sharedpro,Tue May 21 19:01:06 UTC 2024
STAND 8 Technology Services,Tue May 21 18:43:05 UTC 2024
EPAM Anywhere,Sun May 19 15:36:08 UTC 2024
Technomech HR Solutions,Sat May 18 01:42:53 UTC 2024
Supercrew,Sat May 18 01:42:10 UTC 2024
TechXyte | Full Stack Courses & Careers,Mon May 13 14:56:31 UTC 2024
EG Allied Pvt. Ltd.,Mon May 13 14:56:11 UTC 2024
TekJobs,Mon May 13 14:54:02 UTC 2024
CTGT Innovations Pvt Ltd,Mon May 13 14:53:11 UTC 2024
IGT Solutions,Fri Apr 26 03:14:07 UTC 2024
Skill2Source  ,Mon Apr 22 08:55:02 UTC 2024
SHMTH Capital,Sat Apr 13 13:00:19 UTC 2024
Zigsaw,Fri Apr 12 04:05:19 UTC 2024
Truelancer.com,Mon Mar 04 04:26:23 UTC 2024
Concentrix,Mon Mar 04 03:52:19 UTC 2024
Green Clover,Mon Mar 04 03:51:29 UTC 2024
EPAM Systems,Mon Mar 04 03:47:12 UTC 2024
Zemoso Technologies,Thu Feb 29 08:03:11 UTC 2024
CodersBrain,Wed Feb 28 20:05:10 UTC 2024
Cloud Strategic Solution,Wed Feb 28 20:04:33 UTC 2024
Pixint,Wed Feb 28 20:00:48 UTC 2024
Intelliswift Software,Wed Feb 28 19:59:51 UTC 2024
Internship Mela,Tue Feb 27 15:22:07 UTC 2024
Savit Interactive,Thu Feb 22 12:16:52 UTC 2024
Text Mercato Solutions Private Limited,Thu Feb 22 12:13:36 UTC 2024
Mechispike Solutions Pvt Ltd,Wed Feb 21 13:33:20 UTC 2024
Yuma Energy,Tue Feb 20 11:26:15 UTC 2024
Arabian Software,Tue Feb 20 11:15:47 UTC 2024
Synechron,Tue Feb 20 11:14:34 UTC 2024
BCloud Global Services,Thu Feb 01 06:05:28 UTC 2024
Fresher Jobs,Wed Jan 17 03:29:35 UTC 2024
Bharat Intern,Sat Jan 06 19:31:00 UTC 2024
Full Stack Java Developer Industrial Training & Jobs,Fri Jan 05 14:23:56 UTC 2024
Java Developer,Fri Jan 05 14:23:49 UTC 2024
Full Stack Java Developer Pune,Fri Jan 05 14:23:39 UTC 2024
Hirextra -World's First Staffing Aggregator,Thu Dec 21 08:19:43 UTC 2023
Confidential,Thu Dec 21 08:16:09 UTC 2023
Amdocs,Tue Sep 26 13:52:03 UTC 2023
Persistent Systems,Tue Sep 26 13:51:44 UTC 2023
Mastercard,Tue Sep 26 13:50:48 UTC 2023
HopeConflict E-Learning And IT Solutions,Tue Sep 26 13:34:29 UTC 2023
Free Online Courses With Certificates,Sun Feb 05 04:06:08 UTC 2023
Free Online Courses,Sun Feb 05 04:05:53 UTC 2023
Nathainal Bibby,Sun Feb 05 04:05:47 UTC 2023
Freshermint Jobs For Fresher & Experienced,Sun Feb 05 03:56:18 UTC 2023
Fresher Jobs,Sun Jan 15 01:50:46 UTC 2023
Capgemini,Wed Nov 23 08:54:16 UTC 2022
Tech Mahindra,Wed Nov 23 08:54:13 UTC 2022
Infosys BPM,Wed Nov 09 06:42:34 UTC 2022
GeeksforGeeks,Wed Nov 09 06:42:30 UTC 2022
Tata Projects,Wed Nov 09 06:39:11 UTC 2022
Wipro,Wed Nov 09 06:39:05 UTC 2022
Google for Developers,Wed Nov 09 06:39:03 UTC 2022
Cognizant,Wed Nov 09 06:38:52 UTC 2022
Accenture in India,Wed Nov 09 06:38:48 UTC 2022
Internship / Job For Freshers,Wed Nov 09 06:38:42 UTC 2022
Fresher Jobs,Wed Nov 09 06:38:37 UTC 2022
Infosys,Wed Nov 09 06:38:34 UTC 2022
IBM,Wed Nov 09 06:38:18 UTC 2022
Accenture,Wed Nov 09 06:38:14 UTC 2022
Tata Consultancy Services,Wed Nov 09 06:38:04 UTC 2022
Microsoft,Tue Oct 25 15:58:42 UTC 2022
Google,Wed Oct 19 08:03:14 UTC 2022
"Sant Gadge Baba Amravati University, Amravati",Tue Oct 18 03:25:28 UTC 2022